identifier,category,timestamp,x,y
1.0,2.0,1682594178.3712432,1209,626
1.0,2.0,1682594178.505813,1202,610
1.0,2.0,1682594178.6403823,1194,598
1.0,2.0,1682594178.774952,1187,592
1.0,2.0,1682594178.9095216,1180,586
1.0,2.0,1682594179.044091,1171,582
1.0,2.0,1682594179.1786606,1165,577
1.0,2.0,1682594179.3132303,1160,571
1.0,2.0,1682594179.4477997,1153,569
1.0,2.0,1682594179.5823693,1147,565
1.0,2.0,1682594179.716939,1140,561
1.0,2.0,1682594179.8515086,1135,559
1.0,2.0,1682594179.986078,1128,551
1.0,2.0,1682594180.1206477,1124,544
1.0,2.0,1682594180.2552173,1118,537
1.0,2.0,1682594180.3897867,1112,526
1.0,2.0,1682594180.5243564,1108,516
1.0,2.0,1682594180.658926,1104,507
1.0,2.0,1682594180.7934954,1100,499
1.0,2.0,1682594180.928065,1095,490
1.0,2.0,1682594181.0626347,1082,482
1.0,2.0,1682594181.197204,1068,472
1.0,2.0,1682594181.3317738,1054,465
1.0,2.0,1682594181.4663434,1044,459
1.0,2.0,1682594181.6009128,1033,452
1.0,2.0,1682594181.7354825,1023,442
1.0,2.0,1682594181.870052,1011,437
1.0,2.0,1682594182.0046215,1003,431
1.0,2.0,1682594182.1391912,992,421
1.0,2.0,1682594182.2737608,982,417
1.0,2.0,1682594182.4083304,975,407
1.0,2.0,1682594182.5428998,965,395
1.0,2.0,1682594182.6774695,959,391
1.0,2.0,1682594182.8120391,951,387
1.0,2.0,1682594182.9466085,940,383
1.0,2.0,1682594183.0811782,933,378
1.0,2.0,1682594183.2157478,926,372
1.0,2.0,1682594183.3503172,918,367
1.0,2.0,1682594183.484887,913,363
1.0,2.0,1682594183.6194565,906,359
1.0,2.0,1682594183.754026,900,354
1.0,2.0,1682594183.8885956,892,351
1.0,2.0,1682594184.0231652,886,346
1.0,2.0,1682594184.1577346,879,340
1.0,2.0,1682594184.2923043,873,335
1.0,2.0,1682594184.426874,869,330
1.0,2.0,1682594184.5614433,863,326
1.0,2.0,1682594184.696013,857,322
1.0,2.0,1682594184.8305826,852,319
1.0,2.0,1682594184.9651523,845,314
1.0,2.0,1682594185.0997217,841,310
1.0,2.0,1682594185.2342913,835,305
1.0,2.0,1682594185.368861,831,304
1.0,2.0,1682594185.5034304,826,299
1.0,2.0,1682594185.638,822,296
1.0,2.0,1682594185.7725697,816,291
1.0,2.0,1682594185.907139,812,288
1.0,2.0,1682594186.0417087,806,285
1.0,2.0,1682594186.1762784,802,281
1.0,2.0,1682594186.3108478,798,278
1.0,2.0,1682594186.4454174,794,276
1.0,2.0,1682594186.579987,790,272
1.0,2.0,1682594186.7145565,785,271
1.0,2.0,1682594186.849126,783,268
1.0,2.0,1682594186.9836957,778,263
1.0,2.0,1682594187.1182652,775,262
1.0,2.0,1682594187.2528348,772,258
1.0,2.0,1682594187.3874044,768,255
1.0,2.0,1682594187.521974,766,254
1.0,2.0,1682594187.6565435,764,253
1.0,2.0,1682594187.7911131,761,250
1.0,2.0,1682594187.9256828,747,238
1.0,2.0,1682594188.0602522,745,237
1.0,2.0,1682594188.1948218,743,234
1.0,2.0,1682594188.3293915,740,232
1.0,2.0,1682594188.463961,738,229
1.0,2.0,1682594188.5985305,735,227
1.0,2.0,1682594188.7331002,733,225
1.0,2.0,1682594188.8676696,731,223
1.0,2.0,1682594189.0022392,729,222
1.0,2.0,1682594189.1368089,727,221
1.0,2.0,1682594189.2713783,726,219
1.0,2.0,1682594189.405948,723,218
1.0,2.0,1682594189.5405176,721,216
1.0,2.0,1682594189.675087,712,207
1.0,2.0,1682594189.8096566,710,206
1.0,2.0,1682594189.9442263,708,204
1.0,2.0,1682594190.078796,707,203
1.0,2.0,1682594190.2133653,705,202
1.0,2.0,1682594190.347935,702,201
1.0,2.0,1682594190.4825046,701,199
1.0,2.0,1682594190.617074,698,198
1.0,2.0,1682594190.7516437,696,196
1.0,2.0,1682594190.8862133,693,195
1.0,2.0,1682594191.0207827,692,195
1.0,2.0,1682594191.1553524,690,192
1.0,2.0,1682594191.289922,687,191
1.0,2.0,1682594191.4244914,685,190
1.0,2.0,1682594191.559061,683,189
1.0,2.0,1682594191.6936307,680,188
1.0,2.0,1682594191.8282,679,187
1.0,2.0,1682594191.9627697,676,187
1.0,2.0,1682594192.0973394,674,186
1.0,2.0,1682594192.231909,672,185
1.0,2.0,1682594192.3664784,669,184
1.0,2.0,1682594192.501048,667,182
1.0,2.0,1682594192.6356177,666,181
1.0,2.0,1682594192.7701871,663,179
1.0,2.0,1682594192.9047568,661,179
1.0,2.0,1682594193.0393264,658,178
1.0,2.0,1682594193.1738958,656,177
1.0,2.0,1682594193.3084655,655,176
1.0,2.0,1682594193.4430351,652,175
1.0,2.0,1682594193.5776045,651,175
1.0,2.0,1682594193.7121742,647,173
1.0,2.0,1682594193.8467438,645,173
1.0,2.0,1682594193.9813132,643,170
1.0,2.0,1682594194.1158829,641,170
1.0,2.0,1682594194.2504525,640,169
1.0,2.0,1682594194.385022,637,169
1.0,2.0,1682594194.5195916,635,168
1.0,2.0,1682594194.6541612,633,167
1.0,2.0,1682594194.7887309,631,166
1.0,2.0,1682594194.9233003,630,165
1.0,2.0,1682594195.05787,628,165
1.0,2.0,1682594195.1924396,625,164
1.0,2.0,1682594195.327009,624,164
1.0,2.0,1682594195.4615786,622,163
1.0,2.0,1682594195.5961483,620,163
1.0,2.0,1682594195.7307177,618,163
1.0,2.0,1682594195.8652873,615,162
1.0,2.0,1682594195.999857,614,160
1.0,2.0,1682594196.1344264,612,160
1.0,2.0,1682594196.268996,610,160
1.0,2.0,1682594196.4035656,609,159
1.0,2.0,1682594196.538135,607,159
1.0,2.0,1682594196.6727047,606,159
1.0,2.0,1682594196.8072743,603,159
1.0,2.0,1682594196.9418437,601,158
1.0,2.0,1682594197.0764134,599,158
1.0,2.0,1682594197.210983,596,157
1.0,2.0,1682594197.3455527,595,157
1.0,2.0,1682594197.480122,594,156
1.0,2.0,1682594197.6146917,592,156
1.0,2.0,1682594197.7492614,589,156
1.0,2.0,1682594197.8838308,587,156
1.0,2.0,1682594198.0184004,585,155
1.0,2.0,1682594198.15297,583,155
1.0,2.0,1682594198.2875395,583,155
1.0,2.0,1682594198.4221091,579,155
1.0,2.0,1682594198.5566788,576,156
1.0,2.0,1682594198.6912482,575,156
1.0,2.0,1682594198.8258178,573,154
1.0,2.0,1682594198.9603875,572,154
1.0,2.0,1682594199.0949569,570,153
1.0,2.0,1682594199.2295265,568,153
1.0,2.0,1682594199.3640962,565,153
1.0,2.0,1682594199.4986656,563,153
1.0,2.0,1682594199.6332352,561,153
1.0,2.0,1682594199.7678049,559,152
1.0,2.0,1682594199.9023745,558,152
1.0,2.0,1682594200.036944,555,151
1.0,2.0,1682594200.1715136,553,151
1.0,2.0,1682594200.3060832,550,152
1.0,2.0,1682594200.4406526,548,151
1.0,2.0,1682594200.5752223,546,150
1.0,2.0,1682594200.709792,543,150
1.0,2.0,1682594200.8443613,539,150
1.0,2.0,1682594200.978931,538,150
1.0,2.0,1682594201.1135006,534,150
1.0,2.0,1682594201.24807,533,150
1.0,2.0,1682594201.3826396,530,149
1.0,2.0,1682594201.5172093,528,149
1.0,2.0,1682594201.6517787,525,149
1.0,2.0,1682594201.7863483,522,149
1.0,2.0,1682594201.920918,521,149
1.0,2.0,1682594202.0554874,517,149
1.0,2.0,1682594202.190057,514,149
1.0,2.0,1682594202.3246267,512,149
1.0,2.0,1682594202.4591963,509,148
1.0,2.0,1682594202.5937657,506,148
1.0,2.0,1682594202.7283354,502,148
1.0,2.0,1682594202.862905,500,148
1.0,2.0,1682594202.9974744,498,147
1.0,2.0,1682594203.132044,496,148
1.0,2.0,1682594203.2666137,493,148
1.0,2.0,1682594203.4011831,490,148
2.0,2.0,1682594184.0383968,411,148
2.0,2.0,1682594184.187594,410,149
2.0,2.0,1682594184.336791,440,149
2.0,2.0,1682594184.485988,445,150
2.0,2.0,1682594184.635185,448,150
2.0,2.0,1682594184.784382,451,151
2.0,2.0,1682594184.9335792,455,151
2.0,2.0,1682594185.0827763,458,152
2.0,2.0,1682594185.2319734,461,151
2.0,2.0,1682594185.3811703,467,152
2.0,2.0,1682594185.5303674,468,152
2.0,2.0,1682594185.6795645,471,153
2.0,2.0,1682594185.8287616,474,153
2.0,2.0,1682594185.9779587,477,153
2.0,2.0,1682594186.1271555,482,153
2.0,2.0,1682594186.2763526,485,153
2.0,2.0,1682594186.4255497,486,153
2.0,2.0,1682594186.5747468,488,153
2.0,2.0,1682594186.723944,491,154
2.0,2.0,1682594186.873141,493,154
2.0,2.0,1682594187.022338,495,154
2.0,2.0,1682594187.171535,498,154
2.0,2.0,1682594187.320732,498,155
2.0,2.0,1682594187.4699292,500,156
2.0,2.0,1682594187.6191263,503,157
2.0,2.0,1682594187.7683232,505,156
2.0,2.0,1682594187.9175203,506,157
2.0,2.0,1682594188.0667174,507,157
2.0,2.0,1682594188.2159145,507,157
2.0,2.0,1682594188.3651116,509,158
2.0,2.0,1682594188.5143085,510,158
2.0,2.0,1682594188.6635056,510,159
2.0,2.0,1682594188.8127027,513,159
2.0,2.0,1682594188.9618998,513,160
2.0,2.0,1682594189.1110969,514,160
2.0,2.0,1682594189.260294,515,160
2.0,2.0,1682594189.4094908,515,160
2.0,2.0,1682594189.558688,516,161
2.0,2.0,1682594189.707885,516,161
2.0,2.0,1682594189.8570821,517,161
2.0,2.0,1682594190.0062792,517,162
2.0,2.0,1682594190.155476,518,162
2.0,2.0,1682594190.3046732,519,164
2.0,2.0,1682594190.4538703,519,164
2.0,2.0,1682594190.6030674,519,166
2.0,2.0,1682594190.7522645,519,166
2.0,2.0,1682594190.9014616,520,167
2.0,2.0,1682594191.0506585,521,168
2.0,2.0,1682594191.1998556,521,170
2.0,2.0,1682594191.3490527,522,170
2.0,2.0,1682594191.4982498,521,171
2.0,2.0,1682594191.6474469,521,171
2.0,2.0,1682594191.7966437,521,172
2.0,2.0,1682594191.9458408,522,174
2.0,2.0,1682594192.095038,525,174
2.0,2.0,1682594192.244235,525,176
2.0,2.0,1682594192.3934321,526,178
2.0,2.0,1682594192.5426292,526,178
2.0,2.0,1682594192.691826,526,179
2.0,2.0,1682594192.8410232,527,180
2.0,2.0,1682594192.9902203,529,182
2.0,2.0,1682594193.1394174,530,184
2.0,2.0,1682594193.2886145,533,185
2.0,2.0,1682594193.4378114,533,185
2.0,2.0,1682594193.5870085,533,188
2.0,2.0,1682594193.7362056,534,188
2.0,2.0,1682594193.8854027,535,189
2.0,2.0,1682594194.0345998,535,191
2.0,2.0,1682594194.183797,536,192
2.0,2.0,1682594194.3329937,537,193
2.0,2.0,1682594194.4821908,537,195
2.0,2.0,1682594194.631388,539,197
2.0,2.0,1682594194.780585,540,199
2.0,2.0,1682594194.9297822,540,200
2.0,2.0,1682594195.078979,541,202
2.0,2.0,1682594195.228176,542,202
2.0,2.0,1682594195.3773732,543,204
2.0,2.0,1682594195.5265703,543,206
2.0,2.0,1682594195.6757674,543,207
2.0,2.0,1682594195.8249645,544,208
2.0,2.0,1682594195.9741614,544,209
2.0,2.0,1682594196.1233585,545,210
2.0,2.0,1682594196.2725556,546,212
2.0,2.0,1682594196.4217527,547,212
2.0,2.0,1682594196.5709498,548,215
2.0,2.0,1682594196.7201467,548,216
2.0,2.0,1682594196.8693438,549,218
2.0,2.0,1682594197.0185409,550,219
2.0,2.0,1682594197.167738,551,221
2.0,2.0,1682594197.316935,552,223
2.0,2.0,1682594197.466132,555,226
2.0,2.0,1682594197.615329,553,233
2.0,2.0,1682594197.7645261,555,235
2.0,2.0,1682594197.9137232,556,237
2.0,2.0,1682594198.0629203,557,239
2.0,2.0,1682594198.2121174,558,239
2.0,2.0,1682594198.3613143,559,243
2.0,2.0,1682594198.5105114,559,244
2.0,2.0,1682594198.6597085,560,246
2.0,2.0,1682594198.8089056,562,249
2.0,2.0,1682594198.9581027,562,250
2.0,2.0,1682594199.1072996,562,253
2.0,2.0,1682594199.2564967,562,259
2.0,2.0,1682594199.4056938,564,262
2.0,2.0,1682594199.5548909,564,264
2.0,2.0,1682594199.704088,565,266
2.0,2.0,1682594199.853285,565,268
2.0,2.0,1682594200.002482,567,271
2.0,2.0,1682594200.151679,568,275
2.0,2.0,1682594200.3008761,569,280
2.0,2.0,1682594200.4500732,570,285
2.0,2.0,1682594200.5992703,572,288
2.0,2.0,1682594200.7484672,573,293
2.0,2.0,1682594200.8976643,574,297
2.0,2.0,1682594201.0468614,577,300
2.0,2.0,1682594201.1960585,579,305
2.0,2.0,1682594201.3452556,582,308
2.0,2.0,1682594201.4944527,585,314
2.0,2.0,1682594201.6436496,585,317
2.0,2.0,1682594201.7928467,588,322
2.0,2.0,1682594201.9420438,591,327
2.0,2.0,1682594202.091241,593,332
2.0,2.0,1682594202.240438,597,335
2.0,2.0,1682594202.3896348,601,342
2.0,2.0,1682594202.538832,604,346
2.0,2.0,1682594202.688029,609,349
2.0,2.0,1682594202.8372262,614,354
2.0,2.0,1682594202.9864233,618,361
2.0,2.0,1682594203.1356204,622,369
2.0,2.0,1682594203.2848172,628,374
2.0,2.0,1682594203.4340143,632,380
2.0,2.0,1682594203.5832114,638,386
2.0,2.0,1682594203.7324085,643,390
2.0,2.0,1682594203.8816056,650,395
2.0,2.0,1682594204.0308025,656,403
2.0,2.0,1682594204.1799996,661,411
2.0,2.0,1682594204.3291967,662,421
2.0,2.0,1682594204.4783938,673,427
2.0,2.0,1682594204.627591,680,435
2.0,2.0,1682594204.776788,687,445
2.0,2.0,1682594204.9259849,693,454
2.0,2.0,1682594205.075182,701,460
2.0,2.0,1682594205.224379,707,469
2.0,2.0,1682594205.3735762,712,479
2.0,2.0,1682594205.5227733,718,486
2.0,2.0,1682594205.6719701,728,494
2.0,2.0,1682594205.8211672,735,505
2.0,2.0,1682594205.9703643,742,515
2.0,2.0,1682594206.1195614,750,528
2.0,2.0,1682594206.2687585,751,537
2.0,2.0,1682594206.4179554,758,541
2.0,2.0,1682594206.5671525,773,546
2.0,2.0,1682594206.7163496,776,548
2.0,2.0,1682594206.8655467,783,552
2.0,2.0,1682594207.0147438,792,557
2.0,2.0,1682594207.163941,806,560
2.0,2.0,1682594207.3131378,812,566
2.0,2.0,1682594207.4623349,821,568
2.0,2.0,1682594207.611532,829,572
2.0,2.0,1682594207.760729,835,577
2.0,2.0,1682594207.9099262,840,582
2.0,2.0,1682594208.059123,845,585
2.0,2.0,1682594208.2083201,851,589
2.0,2.0,1682594208.3575172,857,592
2.0,2.0,1682594208.5067143,862,598
2.0,2.0,1682594208.6559114,867,602
2.0,2.0,1682594208.8051085,869,608
2.0,2.0,1682594208.9543054,853,629
2.0,2.0,1682594209.1035025,838,672
3.0,6.0,1682594193.3133392,1137,511
3.0,6.0,1682594193.5053442,1128,507
3.0,6.0,1682594193.697349,1121,504
3.0,6.0,1682594193.889354,1116,500
3.0,6.0,1682594194.0813587,1099,489
3.0,6.0,1682594194.2733636,1096,486
3.0,6.0,1682594194.4653685,1096,486
3.0,6.0,1682594194.6573734,1094,482
3.0,6.0,1682594194.8493783,1095,481
3.0,6.0,1682594195.0413833,1094,477
3.0,6.0,1682594195.2333882,1093,475
3.0,6.0,1682594195.4253929,1092,474
3.0,6.0,1682594195.6173978,1091,473
3.0,6.0,1682594195.8094027,1077,470
3.0,6.0,1682594196.0014076,1082,468
3.0,6.0,1682594196.1934125,1084,464
3.0,6.0,1682594196.3854175,1088,460
3.0,6.0,1682594196.5774224,1088,456
3.0,6.0,1682594196.769427,1088,455
3.0,6.0,1682594196.961432,1088,452
3.0,6.0,1682594197.153437,1087,449
3.0,6.0,1682594197.3454418,1085,449
3.0,6.0,1682594197.5374467,1081,419
3.0,6.0,1682594197.7294517,1080,413
3.0,6.0,1682594197.9214566,1080,405
3.0,6.0,1682594198.1134615,1077,400
3.0,6.0,1682594198.3054662,1058,378
3.0,6.0,1682594198.497471,1049,372
3.0,6.0,1682594198.689476,1044,369
3.0,6.0,1682594198.881481,1037,361
3.0,6.0,1682594199.0734859,1030,347
3.0,6.0,1682594199.2654908,1025,336
3.0,6.0,1682594199.4574957,1020,337
3.0,6.0,1682594199.6495004,1013,326
3.0,6.0,1682594199.8415053,1009,322
3.0,6.0,1682594200.0335102,1003,316
3.0,6.0,1682594200.2255151,997,312
3.0,6.0,1682594200.41752,994,310
3.0,6.0,1682594200.609525,991,306
3.0,6.0,1682594200.80153,984,306
3.0,6.0,1682594200.9935346,981,299
3.0,6.0,1682594201.1855395,976,295
3.0,6.0,1682594201.3775444,970,295
3.0,6.0,1682594201.5695493,964,294
3.0,6.0,1682594201.7615542,960,298
3.0,6.0,1682594201.9535592,956,297
3.0,6.0,1682594202.145564,950,295
3.0,6.0,1682594202.3375688,944,300
3.0,6.0,1682594202.5295737,938,289
3.0,6.0,1682594202.7215786,936,289
3.0,6.0,1682594202.9135835,930,284
3.0,6.0,1682594203.1055884,923,285
3.0,6.0,1682594203.2975934,919,282
3.0,6.0,1682594203.4895983,916,284
3.0,6.0,1682594203.681603,911,282
3.0,6.0,1682594203.8736079,906,281
3.0,6.0,1682594204.0656128,904,277
3.0,6.0,1682594204.2576177,901,275
3.0,6.0,1682594204.4496226,897,274
3.0,6.0,1682594204.6416276,890,270
3.0,6.0,1682594204.8336325,887,268
3.0,6.0,1682594205.0256374,884,267
3.0,6.0,1682594205.217642,881,264
3.0,6.0,1682594205.409647,876,262
3.0,6.0,1682594205.601652,871,259
3.0,6.0,1682594205.7936568,866,255
3.0,6.0,1682594205.9856617,863,252
3.0,6.0,1682594206.1776667,858,251
3.0,6.0,1682594206.3696716,853,251
3.0,6.0,1682594206.5616763,849,248
3.0,6.0,1682594206.7536812,847,246
3.0,6.0,1682594206.945686,846,243
3.0,6.0,1682594207.137691,841,235
3.0,6.0,1682594207.329696,839,234
3.0,6.0,1682594207.5217009,838,232
3.0,6.0,1682594207.7137058,834,230
3.0,6.0,1682594207.9057105,815,229
3.0,6.0,1682594208.0977154,811,228
3.0,6.0,1682594208.2897203,806,226
3.0,6.0,1682594208.4817252,792,218
3.0,6.0,1682594208.6737301,788,217
3.0,6.0,1682594208.865735,766,205
3.0,6.0,1682594209.05774,764,204
3.0,6.0,1682594209.2497447,752,197
3.0,6.0,1682594209.4417496,738,191
3.0,6.0,1682594209.6337545,736,191
3.0,6.0,1682594209.8257594,734,189
3.0,6.0,1682594210.0177643,732,189
3.0,6.0,1682594210.2097692,730,187
3.0,6.0,1682594210.4017742,727,186
3.0,6.0,1682594210.5937788,714,179
3.0,6.0,1682594210.7857838,711,178
3.0,6.0,1682594210.9777887,647,151
3.0,6.0,1682594211.1697936,647,151
3.0,6.0,1682594211.3617985,645,151
3.0,6.0,1682594211.5538034,645,150
3.0,6.0,1682594211.7458084,644,150
3.0,6.0,1682594211.9378133,645,149
3.0,6.0,1682594212.129818,644,148
3.0,6.0,1682594212.321823,642,148
3.0,6.0,1682594212.5138278,641,148
3.0,6.0,1682594212.7058327,640,147
3.0,6.0,1682594212.8978376,639,148
3.0,6.0,1682594213.0898426,639,147
3.0,6.0,1682594213.2818475,635,147
3.0,6.0,1682594213.4738522,635,146
3.0,6.0,1682594213.665857,635,145
3.0,6.0,1682594213.857862,631,145
3.0,6.0,1682594214.049867,632,145
3.0,6.0,1682594214.2418718,628,145
3.0,6.0,1682594214.4338768,628,144
3.0,6.0,1682594214.6258817,626,144
3.0,6.0,1682594214.8178864,625,143
3.0,6.0,1682594215.0098913,625,143
3.0,6.0,1682594215.2018962,625,143
3.0,6.0,1682594215.393901,623,143
3.0,6.0,1682594215.585906,624,141
3.0,6.0,1682594215.777911,623,141
3.0,6.0,1682594215.9699159,623,141
3.0,6.0,1682594216.1619205,623,141
3.0,6.0,1682594216.3539255,621,141
3.0,6.0,1682594216.5459304,620,141
3.0,6.0,1682594216.7379353,618,141
3.0,6.0,1682594216.9299402,617,141
3.0,6.0,1682594217.1219451,615,140
3.0,6.0,1682594217.31395,615,140
3.0,6.0,1682594217.5059547,615,141
3.0,6.0,1682594217.6979597,606,139
3.0,6.0,1682594217.8899646,605,139
3.0,6.0,1682594218.0819695,603,139
3.0,6.0,1682594218.2739744,601,138
3.0,6.0,1682594218.4659793,599,138
3.0,6.0,1682594218.6579843,563,137
3.0,6.0,1682594218.8499892,562,137
3.0,6.0,1682594219.0419939,559,135
3.0,6.0,1682594219.2339988,556,136
3.0,6.0,1682594219.4260037,538,136
3.0,6.0,1682594219.6180086,535,135
3.0,6.0,1682594219.8100135,531,134
3.0,6.0,1682594220.0020185,529,135
3.0,6.0,1682594220.1940234,527,135
3.0,6.0,1682594220.386028,524,135
3.0,6.0,1682594220.578033,521,134
3.0,6.0,1682594220.770038,517,135
3.0,6.0,1682594220.9620428,513,135
3.0,6.0,1682594221.1540477,510,135
3.0,6.0,1682594221.3460526,507,134
3.0,6.0,1682594221.5380576,504,135
3.0,6.0,1682594221.7300622,501,135
3.0,6.0,1682594221.9220672,498,135
3.0,6.0,1682594222.114072,493,135
5.0,3.0,1682594199.3368914,1217,605
6.0,0.0,1682594199.4732544,1208,534
6.0,0.0,1682594199.6111088,1185,522
6.0,0.0,1682594199.748963,1169,509
6.0,0.0,1682594199.8868175,1150,502
6.0,0.0,1682594200.0246716,1135,492
6.0,0.0,1682594200.162526,1123,476
6.0,0.0,1682594200.3003802,1107,472
6.0,0.0,1682594200.4382346,1094,462
6.0,0.0,1682594200.576089,1082,457
6.0,0.0,1682594200.7139432,1069,446
6.0,0.0,1682594200.8517976,1059,437
6.0,0.0,1682594200.9896517,1051,430
6.0,0.0,1682594201.127506,1038,426
6.0,0.0,1682594201.2653604,1030,418
6.0,0.0,1682594201.4032147,1020,412
6.0,0.0,1682594201.541069,1010,412
6.0,0.0,1682594201.6789234,998,400
6.0,0.0,1682594201.8167777,992,391
6.0,0.0,1682594201.9546318,982,389
6.0,0.0,1682594202.0924861,969,386
6.0,0.0,1682594202.2303405,959,381
6.0,0.0,1682594202.3681948,950,376
6.0,0.0,1682594202.5060492,938,369
6.0,0.0,1682594202.6439035,927,368
6.0,0.0,1682594202.7817578,914,361
6.0,0.0,1682594202.9196122,899,357
6.0,0.0,1682594203.0574663,890,356
6.0,0.0,1682594203.1953206,877,346
6.0,0.0,1682594203.333175,865,344
6.0,0.0,1682594203.4710293,853,339
6.0,0.0,1682594203.6088836,844,333
6.0,0.0,1682594203.746738,828,318
6.0,0.0,1682594203.8845923,814,317
6.0,0.0,1682594204.0224464,802,311
6.0,0.0,1682594204.1603007,758,298
6.0,0.0,1682594204.298155,748,299
6.0,0.0,1682594204.4360094,739,296
6.0,0.0,1682594204.5738637,729,296
6.0,0.0,1682594204.711718,720,292
6.0,0.0,1682594204.8495724,710,293
6.0,0.0,1682594204.9874265,706,276
6.0,0.0,1682594205.1252809,697,286
6.0,0.0,1682594205.2631352,690,279
6.0,0.0,1682594205.4009895,685,279
6.0,0.0,1682594205.5388439,679,273
6.0,0.0,1682594205.6766982,675,274
6.0,0.0,1682594205.8145525,669,262
6.0,0.0,1682594205.9524066,665,261
6.0,0.0,1682594206.090261,660,260
6.0,0.0,1682594206.2281153,656,254
6.0,0.0,1682594206.3659697,652,252
6.0,0.0,1682594206.503824,649,257
6.0,0.0,1682594206.6416783,644,250
6.0,0.0,1682594206.7795327,641,252
6.0,0.0,1682594206.9173868,638,249
6.0,0.0,1682594207.055241,634,247
6.0,0.0,1682594207.1930954,631,245
6.0,0.0,1682594207.3309498,628,243
6.0,0.0,1682594207.4688041,626,240
6.0,0.0,1682594207.6066585,621,231
6.0,0.0,1682594207.7445128,620,227
6.0,0.0,1682594207.8823671,616,233
6.0,0.0,1682594208.0202212,615,226
6.0,0.0,1682594208.1580756,612,228
6.0,0.0,1682594208.29593,609,223
6.0,0.0,1682594208.4337842,608,210
6.0,0.0,1682594208.5716386,605,218
6.0,0.0,1682594208.709493,603,219
6.0,0.0,1682594208.8473473,602,215
6.0,0.0,1682594208.9852014,599,215
6.0,0.0,1682594209.1230557,598,214
6.0,0.0,1682594209.26091,596,210
6.0,0.0,1682594209.3987644,596,210
6.0,0.0,1682594209.5366187,594,209
6.0,0.0,1682594209.674473,593,202
6.0,0.0,1682594209.8123274,592,202
6.0,0.0,1682594209.9501815,590,203
6.0,0.0,1682594210.0880358,589,202
6.0,0.0,1682594210.2258902,589,200
7.0,3.0,1682594201.1208632,1038,482
11.0,2.0,1682594209.2526996,410,149
11.0,2.0,1682594209.3464618,416,150
11.0,2.0,1682594209.4402242,421,150
11.0,2.0,1682594209.5339866,425,152
12.0,2.0,1682594210.9134285,492,160
12.0,2.0,1682594211.0436964,494,160
12.0,2.0,1682594211.1739645,493,160
12.0,2.0,1682594211.3042324,494,161
12.0,2.0,1682594211.4345002,494,161
12.0,2.0,1682594211.564768,495,162
12.0,2.0,1682594211.695036,495,162
12.0,2.0,1682594211.825304,496,162
12.0,2.0,1682594211.955572,497,161
12.0,2.0,1682594212.0858397,498,162
12.0,2.0,1682594212.2161078,499,163
12.0,2.0,1682594212.3463757,499,163
12.0,2.0,1682594212.4766436,500,163
12.0,2.0,1682594212.6069114,502,164
12.0,2.0,1682594212.7371793,502,164
12.0,2.0,1682594212.8674474,503,164
12.0,2.0,1682594212.9977152,504,164
12.0,2.0,1682594213.127983,506,165
12.0,2.0,1682594213.2582512,506,166
12.0,2.0,1682594213.388519,508,167
12.0,2.0,1682594213.518787,508,167
12.0,2.0,1682594213.6490548,510,167
12.0,2.0,1682594213.7793226,512,169
12.0,2.0,1682594213.9095907,514,170
12.0,2.0,1682594214.0398586,515,172
12.0,2.0,1682594214.1701264,516,172
12.0,2.0,1682594214.3003945,517,172
12.0,2.0,1682594214.4306624,518,173
12.0,2.0,1682594214.5609303,521,174
12.0,2.0,1682594214.691198,525,175
12.0,2.0,1682594214.821466,525,176
12.0,2.0,1682594214.951734,525,176
12.0,2.0,1682594215.082002,526,177
12.0,2.0,1682594215.2122698,528,179
12.0,2.0,1682594215.3425379,531,180
12.0,2.0,1682594215.4728057,533,182
12.0,2.0,1682594215.6030736,534,183
12.0,2.0,1682594215.7333415,537,185
12.0,2.0,1682594215.8636093,537,186
12.0,2.0,1682594215.9938774,538,187
12.0,2.0,1682594216.1241453,541,188
12.0,2.0,1682594216.2544131,544,190
12.0,2.0,1682594216.3846812,546,191
12.0,2.0,1682594216.514949,548,192
12.0,2.0,1682594216.645217,549,193
12.0,2.0,1682594216.7754848,551,194
12.0,2.0,1682594216.9057527,554,197
12.0,2.0,1682594217.0360208,555,197
12.0,2.0,1682594217.1662886,558,198
12.0,2.0,1682594217.2965565,559,199
12.0,2.0,1682594217.4268246,562,201
12.0,2.0,1682594217.5570924,565,203
12.0,2.0,1682594217.6873603,566,204
12.0,2.0,1682594217.8176281,569,207
12.0,2.0,1682594217.947896,572,209
12.0,2.0,1682594218.078164,575,211
12.0,2.0,1682594218.208432,577,212
12.0,2.0,1682594218.3386998,579,214
12.0,2.0,1682594218.468968,581,217
12.0,2.0,1682594218.5992358,583,219
12.0,2.0,1682594218.7295036,587,221
12.0,2.0,1682594218.8597715,589,222
12.0,2.0,1682594218.9900393,591,225
12.0,2.0,1682594219.1203074,593,227
12.0,2.0,1682594219.2505753,595,228
12.0,2.0,1682594219.3808432,599,233
12.0,2.0,1682594219.5111113,602,238
12.0,2.0,1682594219.641379,604,241
12.0,2.0,1682594219.771647,606,244
12.0,2.0,1682594219.9019148,608,246
12.0,2.0,1682594220.0321827,612,250
12.0,2.0,1682594220.1624508,616,253
12.0,2.0,1682594220.2927186,618,257
12.0,2.0,1682594220.4229865,622,262
12.0,2.0,1682594220.5532546,625,265
12.0,2.0,1682594220.6835225,628,268
12.0,2.0,1682594220.8137903,631,273
12.0,2.0,1682594220.9440582,635,277
12.0,2.0,1682594221.074326,638,282
12.0,2.0,1682594221.2045941,643,286
12.0,2.0,1682594221.334862,645,290
12.0,2.0,1682594221.4651299,648,294
12.0,2.0,1682594221.595398,651,300
12.0,2.0,1682594221.7256658,656,305
12.0,2.0,1682594221.8559337,660,310
12.0,2.0,1682594221.9862015,666,314
12.0,2.0,1682594222.1164694,669,319
12.0,2.0,1682594222.2467375,672,325
12.0,2.0,1682594222.3770053,678,329
12.0,2.0,1682594222.5072732,683,336
12.0,2.0,1682594222.6375413,687,342
12.0,2.0,1682594222.7678092,692,347
12.0,2.0,1682594222.898077,696,351
12.0,2.0,1682594223.0283449,701,359
12.0,2.0,1682594223.1586127,704,364
12.0,2.0,1682594223.2888808,711,371
12.0,2.0,1682594223.4191487,718,376
12.0,2.0,1682594223.5494165,723,383
12.0,2.0,1682594223.6796846,728,388
12.0,2.0,1682594223.8099525,733,396
12.0,2.0,1682594223.9402204,741,401
12.0,2.0,1682594224.0704882,747,410
12.0,2.0,1682594224.200756,754,417
12.0,2.0,1682594224.3310242,760,425
12.0,2.0,1682594224.461292,765,433
12.0,2.0,1682594224.59156,772,440
12.0,2.0,1682594224.721828,780,449
12.0,2.0,1682594224.8520958,784,459
12.0,2.0,1682594224.9823637,790,469
12.0,2.0,1682594225.1126316,798,476
12.0,2.0,1682594225.2428994,804,482
12.0,2.0,1682594225.3731675,809,493
12.0,2.0,1682594225.5034354,815,499
12.0,2.0,1682594225.6337032,828,507
12.0,2.0,1682594225.7639713,836,517
12.0,2.0,1682594225.8942392,844,525
12.0,2.0,1682594226.024507,850,541
12.0,2.0,1682594226.154775,856,548
12.0,2.0,1682594226.2850428,863,553
12.0,2.0,1682594226.4153109,873,556
12.0,2.0,1682594226.5455787,881,559
12.0,2.0,1682594226.6758466,888,562
12.0,2.0,1682594226.8061147,894,565
12.0,2.0,1682594226.9363825,900,569
12.0,2.0,1682594227.0666504,907,572
12.0,2.0,1682594227.1969182,919,576
12.0,2.0,1682594227.327186,925,579
12.0,2.0,1682594227.4574542,935,584
12.0,2.0,1682594227.587722,943,587
12.0,2.0,1682594227.71799,947,589
12.0,2.0,1682594227.848258,954,593
12.0,2.0,1682594227.9785259,962,596
12.0,2.0,1682594228.1087937,967,600
12.0,2.0,1682594228.2390616,974,603
12.0,2.0,1682594228.3693295,977,607
12.0,2.0,1682594228.4995975,979,611
12.0,2.0,1682594228.6298654,963,613
12.0,2.0,1682594228.7601333,963,615
12.0,2.0,1682594228.8904014,965,621
12.0,2.0,1682594229.0206692,968,624
12.0,2.0,1682594229.150937,967,627
12.0,2.0,1682594229.281205,967,634
12.0,2.0,1682594229.4114728,967,638
12.0,2.0,1682594229.541741,970,645
12.0,2.0,1682594229.6720088,969,650
12.0,2.0,1682594229.8022766,970,656
12.0,2.0,1682594229.9325447,971,664
12.0,2.0,1682594230.0628126,977,670
15.0,2.0,1682594234.3840468,885,330
15.0,2.0,1682594234.5773647,883,329
15.0,2.0,1682594234.7706828,878,326
15.0,2.0,1682594234.9640007,875,321
15.0,2.0,1682594235.1573186,869,317
15.0,2.0,1682594235.3506367,867,317
15.0,2.0,1682594235.5439546,864,314
15.0,2.0,1682594235.7372727,860,310
15.0,2.0,1682594235.9305906,857,309
15.0,2.0,1682594236.1239085,854,305
15.0,2.0,1682594236.3172266,851,303
15.0,2.0,1682594236.5105445,848,303
15.0,2.0,1682594236.7038624,845,297
15.0,2.0,1682594236.8971806,842,297
15.0,2.0,1682594237.0904984,838,294
15.0,2.0,1682594237.2838163,834,292
15.0,2.0,1682594237.4771345,831,290
15.0,2.0,1682594237.6704524,828,288
15.0,2.0,1682594237.8637702,825,286
15.0,2.0,1682594238.0570884,823,284
15.0,2.0,1682594238.2504063,820,284
15.0,2.0,1682594238.4437244,817,282
15.0,2.0,1682594238.6370423,814,280
15.0,2.0,1682594238.8303602,811,279
15.0,2.0,1682594239.0236783,808,275
15.0,2.0,1682594239.2169962,805,273
15.0,2.0,1682594239.410314,801,270
15.0,2.0,1682594239.6036322,798,269
15.0,2.0,1682594239.79695,795,268
15.0,2.0,1682594239.990268,792,266
15.0,2.0,1682594240.1835861,791,263
15.0,2.0,1682594240.376904,788,261
15.0,2.0,1682594240.5702221,784,260
15.0,2.0,1682594240.76354,781,260
15.0,2.0,1682594240.956858,778,256
15.0,2.0,1682594241.150176,775,251
15.0,2.0,1682594241.343494,773,249
15.0,2.0,1682594241.5368118,769,249
15.0,2.0,1682594241.73013,767,249
15.0,2.0,1682594241.9234478,764,248
15.0,2.0,1682594242.1167657,762,246
15.0,2.0,1682594242.3100839,758,245
15.0,2.0,1682594242.5034018,756,243
15.0,2.0,1682594242.6967196,752,242
15.0,2.0,1682594242.8900378,750,240
15.0,2.0,1682594243.0833557,748,239
15.0,2.0,1682594243.2766738,745,237
15.0,2.0,1682594243.4699917,743,236
15.0,2.0,1682594243.6633096,741,234
15.0,2.0,1682594243.8566277,736,233
15.0,2.0,1682594244.0499456,733,232
15.0,2.0,1682594244.2432635,731,230
15.0,2.0,1682594244.4365816,729,228
15.0,2.0,1682594244.6298995,726,227
15.0,2.0,1682594244.8232174,724,225
15.0,2.0,1682594245.0165355,721,223
15.0,2.0,1682594245.2098534,718,222
15.0,2.0,1682594245.4031715,716,220
15.0,2.0,1682594245.5964894,713,219
15.0,2.0,1682594245.7898073,711,217
15.0,2.0,1682594245.9831254,709,217
15.0,2.0,1682594246.1764433,707,216
15.0,2.0,1682594246.3697612,704,214
15.0,2.0,1682594246.5630794,703,214
15.0,2.0,1682594246.7563972,700,212
15.0,2.0,1682594246.9497151,698,211
15.0,2.0,1682594247.1430333,695,210
15.0,2.0,1682594247.3363512,693,208
15.0,2.0,1682594247.529669,691,207
15.0,2.0,1682594247.7229872,689,206
15.0,2.0,1682594247.916305,686,205
15.0,2.0,1682594248.1096232,685,204
15.0,2.0,1682594248.302941,683,201
15.0,2.0,1682594248.496259,681,201
15.0,2.0,1682594248.689577,679,200
15.0,2.0,1682594248.882895,676,198
15.0,2.0,1682594249.076213,674,198
15.0,2.0,1682594249.269531,672,197
15.0,2.0,1682594249.462849,671,196
15.0,2.0,1682594249.6561668,668,196
15.0,2.0,1682594249.849485,666,196
15.0,2.0,1682594250.0428028,664,194
15.0,2.0,1682594250.236121,663,193
15.0,2.0,1682594250.4294388,661,192
15.0,2.0,1682594250.6227567,658,192
15.0,2.0,1682594250.8160748,655,191
15.0,2.0,1682594251.0093927,654,189
15.0,2.0,1682594251.2027106,652,188
15.0,2.0,1682594251.3960288,650,187
15.0,2.0,1682594251.5893466,648,187
15.0,2.0,1682594251.7826645,645,187
15.0,2.0,1682594251.9759827,643,186
15.0,2.0,1682594252.1693006,640,186
15.0,2.0,1682594252.3626184,639,184
15.0,2.0,1682594252.5559366,637,184
15.0,2.0,1682594252.7492545,635,183
15.0,2.0,1682594252.9425726,633,183
15.0,2.0,1682594253.1358905,632,182
15.0,2.0,1682594253.3292084,631,181
15.0,2.0,1682594253.5225265,629,180
15.0,2.0,1682594253.7158444,627,179
15.0,2.0,1682594253.9091623,625,178
15.0,2.0,1682594254.1024804,624,177
15.0,2.0,1682594254.2957983,621,177
15.0,2.0,1682594254.4891162,620,177
15.0,2.0,1682594254.6824343,619,176
15.0,2.0,1682594254.8757522,617,175
15.0,2.0,1682594255.0690703,616,174
15.0,2.0,1682594255.2623882,614,174
15.0,2.0,1682594255.4557061,612,173
15.0,2.0,1682594255.6490242,611,173
15.0,2.0,1682594255.8423421,609,172
15.0,2.0,1682594256.03566,608,171
15.0,2.0,1682594256.2289782,605,171
15.0,2.0,1682594256.422296,603,170
15.0,2.0,1682594256.615614,602,169
15.0,2.0,1682594256.808932,600,167
15.0,2.0,1682594257.00225,597,168
15.0,2.0,1682594257.1955678,596,168
15.0,2.0,1682594257.388886,594,167
15.0,2.0,1682594257.5822039,592,167
15.0,2.0,1682594257.775522,591,167
15.0,2.0,1682594257.96884,590,167
15.0,2.0,1682594258.1621578,588,165
15.0,2.0,1682594258.355476,585,165
15.0,2.0,1682594258.5487938,584,165
15.0,2.0,1682594258.7421117,583,164
15.0,2.0,1682594258.9354298,581,163
15.0,2.0,1682594259.1287477,579,163
15.0,2.0,1682594259.3220656,578,163
15.0,2.0,1682594259.5153837,576,163
15.0,2.0,1682594259.7087016,575,162
15.0,2.0,1682594259.9020197,573,162
15.0,2.0,1682594260.0953376,572,162
15.0,2.0,1682594260.2886555,571,162
15.0,2.0,1682594260.4819736,569,161
15.0,2.0,1682594260.6752915,567,161
15.0,2.0,1682594260.8686094,566,160
15.0,2.0,1682594261.0619276,565,160
15.0,2.0,1682594261.2552454,563,159
15.0,2.0,1682594261.4485633,562,159
15.0,2.0,1682594261.6418815,561,160
15.0,2.0,1682594261.8351994,559,159
15.0,2.0,1682594262.0285172,558,159
15.0,2.0,1682594262.2218354,557,159
15.0,2.0,1682594262.4151533,555,158
15.0,2.0,1682594262.6084714,555,159
15.0,2.0,1682594262.8017893,554,159
15.0,2.0,1682594262.9951072,553,159
15.0,2.0,1682594263.1884253,551,158
15.0,2.0,1682594263.3817432,550,158
15.0,2.0,1682594263.575061,550,157
15.0,2.0,1682594263.7683792,549,158
15.0,2.0,1682594263.961697,548,157
15.0,2.0,1682594264.155015,547,157
15.0,2.0,1682594264.3483331,546,156
15.0,2.0,1682594264.541651,545,156
15.0,2.0,1682594264.7349691,544,156
15.0,2.0,1682594264.928287,543,155
15.0,2.0,1682594265.121605,542,155
15.0,2.0,1682594265.314923,540,155
15.0,2.0,1682594265.508241,540,155
15.0,2.0,1682594265.7015588,538,155
15.0,2.0,1682594265.894877,537,154
15.0,2.0,1682594266.0881948,535,154
15.0,2.0,1682594266.2815127,534,153
15.0,2.0,1682594266.4748309,533,154
15.0,2.0,1682594266.6681488,531,154
15.0,2.0,1682594266.8614666,529,153
15.0,2.0,1682594267.0547848,528,153
15.0,2.0,1682594267.2481027,528,153
15.0,2.0,1682594267.4414208,526,153
15.0,2.0,1682594267.6347387,524,153
15.0,2.0,1682594267.8280566,522,154
15.0,2.0,1682594268.0213747,521,153
15.0,2.0,1682594268.2146926,518,152
15.0,2.0,1682594268.4080105,517,152
15.0,2.0,1682594268.6013286,515,151
15.0,2.0,1682594268.7946465,512,152
15.0,2.0,1682594268.9879644,510,151
15.0,2.0,1682594269.1812825,508,151
15.0,2.0,1682594269.3746004,506,150
15.0,2.0,1682594269.5679185,504,150
15.0,2.0,1682594269.7612364,502,150
15.0,2.0,1682594269.9545543,500,150
15.0,2.0,1682594270.1478724,497,150
15.0,2.0,1682594270.3411903,494,150
15.0,2.0,1682594270.5345082,492,150
15.0,2.0,1682594270.7278264,490,150
15.0,2.0,1682594270.9211442,488,150
15.0,2.0,1682594271.1144621,486,149
15.0,2.0,1682594271.3077803,484,149
15.0,2.0,1682594271.5010982,483,149
15.0,2.0,1682594271.694416,477,149
15.0,2.0,1682594271.8877342,465,149
15.0,2.0,1682594272.081052,461,149
15.0,2.0,1682594272.2743702,459,148
15.0,2.0,1682594272.467688,408,147
15.0,2.0,1682594272.661006,406,146
15.0,2.0,1682594272.854324,403,145
16.0,2.0,1682594247.5384133,772,247
16.0,2.0,1682594247.7285604,769,245
16.0,2.0,1682594247.9187076,766,244
16.0,2.0,1682594248.1088548,763,242
16.0,2.0,1682594248.299002,759,242
16.0,2.0,1682594248.489149,756,240
16.0,2.0,1682594248.6792963,754,239
16.0,2.0,1682594248.8694434,752,237
16.0,2.0,1682594249.0595903,749,237
16.0,2.0,1682594249.2497375,746,235
16.0,2.0,1682594249.4398847,744,234
16.0,2.0,1682594249.6300318,740,233
16.0,2.0,1682594249.820179,738,231
16.0,2.0,1682594250.0103261,736,230
16.0,2.0,1682594250.2004733,734,228
16.0,2.0,1682594250.3906205,732,227
16.0,2.0,1682594250.5807676,730,225
16.0,2.0,1682594250.7709148,728,224
16.0,2.0,1682594250.961062,726,222
16.0,2.0,1682594251.151209,723,220
16.0,2.0,1682594251.3413563,722,219
16.0,2.0,1682594251.5315034,721,219
16.0,2.0,1682594251.7216504,719,217
16.0,2.0,1682594251.9117975,717,216
16.0,2.0,1682594252.1019447,715,215
16.0,2.0,1682594252.2920918,714,213
16.0,2.0,1682594252.482239,712,213
16.0,2.0,1682594252.6723862,711,213
16.0,2.0,1682594252.8625333,709,212
16.0,2.0,1682594253.0526805,708,211
16.0,2.0,1682594253.2428277,707,210
16.0,2.0,1682594253.4329748,705,209
16.0,2.0,1682594253.623122,704,207
16.0,2.0,1682594253.8132691,704,206
16.0,2.0,1682594254.0034163,702,205
16.0,2.0,1682594254.1935635,701,204
16.0,2.0,1682594254.3837104,700,203
16.0,2.0,1682594254.5738575,699,201
16.0,2.0,1682594254.7640047,697,200
16.0,2.0,1682594254.9541519,696,200
16.0,2.0,1682594255.144299,694,199
16.0,2.0,1682594255.3344462,693,198
16.0,2.0,1682594255.5245934,693,197
16.0,2.0,1682594255.7147405,692,195
16.0,2.0,1682594255.9048877,690,195
16.0,2.0,1682594256.0950348,690,195
16.0,2.0,1682594256.285182,689,194
16.0,2.0,1682594256.4753292,688,194
16.0,2.0,1682594256.6654763,687,193
16.0,2.0,1682594256.8556235,685,193
16.0,2.0,1682594257.0457706,683,192
16.0,2.0,1682594257.2359176,682,191
16.0,2.0,1682594257.4260647,680,191
16.0,2.0,1682594257.616212,679,189
16.0,2.0,1682594257.806359,678,189
16.0,2.0,1682594257.9965062,678,188
16.0,2.0,1682594258.1866534,677,188
16.0,2.0,1682594258.3768005,675,187
16.0,2.0,1682594258.5669477,674,187
16.0,2.0,1682594258.7570949,673,187
16.0,2.0,1682594258.947242,672,185
16.0,2.0,1682594259.1373892,672,185
16.0,2.0,1682594259.3275363,671,183
16.0,2.0,1682594259.5176835,670,184
16.0,2.0,1682594259.7078307,668,183
16.0,2.0,1682594259.8979776,667,181
16.0,2.0,1682594260.0881248,666,181
16.0,2.0,1682594260.278272,665,180
16.0,2.0,1682594260.468419,663,180
16.0,2.0,1682594260.6585662,662,179
16.0,2.0,1682594260.8487134,662,178
16.0,2.0,1682594261.0388606,660,178
16.0,2.0,1682594261.2290077,659,178
16.0,2.0,1682594261.419155,658,177
16.0,2.0,1682594261.609302,657,176
16.0,2.0,1682594261.7994492,656,176
16.0,2.0,1682594261.9895964,656,175
16.0,2.0,1682594262.1797435,655,174
16.0,2.0,1682594262.3698907,652,174
16.0,2.0,1682594262.5600376,652,173
16.0,2.0,1682594262.7501848,651,173
16.0,2.0,1682594262.940332,649,173
16.0,2.0,1682594263.130479,650,172
16.0,2.0,1682594263.3206263,648,172
16.0,2.0,1682594263.5107734,647,172
16.0,2.0,1682594263.7009206,646,171
16.0,2.0,1682594263.8910677,645,171
16.0,2.0,1682594264.081215,643,171
16.0,2.0,1682594264.271362,643,171
16.0,2.0,1682594264.4615092,641,169
16.0,2.0,1682594264.6516564,640,168
16.0,2.0,1682594264.8418036,640,168
16.0,2.0,1682594265.0319507,638,167
16.0,2.0,1682594265.2220976,638,167
16.0,2.0,1682594265.4122448,637,167
16.0,2.0,1682594265.602392,635,167
16.0,2.0,1682594265.7925391,634,166
16.0,2.0,1682594265.9826863,634,167
16.0,2.0,1682594266.1728334,633,166
16.0,2.0,1682594266.3629806,633,165
16.0,2.0,1682594266.5531278,630,165
16.0,2.0,1682594266.743275,629,164
16.0,2.0,1682594266.933422,627,164
16.0,2.0,1682594267.1235693,627,164
16.0,2.0,1682594267.3137164,625,164
16.0,2.0,1682594267.5038636,624,164
16.0,2.0,1682594267.6940107,624,164
16.0,2.0,1682594267.884158,622,164
16.0,2.0,1682594268.0743048,621,163
16.0,2.0,1682594268.264452,619,163
16.0,2.0,1682594268.4545991,618,163
16.0,2.0,1682594268.6447463,617,163
16.0,2.0,1682594268.8348935,616,162
16.0,2.0,1682594269.0250406,614,161
16.0,2.0,1682594269.2151878,614,161
16.0,2.0,1682594269.405335,612,161
16.0,2.0,1682594269.595482,611,161
16.0,2.0,1682594269.7856293,610,161
16.0,2.0,1682594269.9757764,610,160
16.0,2.0,1682594270.1659236,608,160
16.0,2.0,1682594270.3560708,607,160
16.0,2.0,1682594270.546218,604,159
16.0,2.0,1682594270.7363648,604,158
16.0,2.0,1682594270.926512,603,159
16.0,2.0,1682594271.1166592,602,159
16.0,2.0,1682594271.3068063,601,158
16.0,2.0,1682594271.4969535,600,158
16.0,2.0,1682594271.6871006,599,157
16.0,2.0,1682594271.8772478,598,158
16.0,2.0,1682594272.067395,596,158
16.0,2.0,1682594272.2575421,596,157
16.0,2.0,1682594272.4476893,593,158
16.0,2.0,1682594272.6378365,592,155
16.0,2.0,1682594272.8279836,591,156
16.0,2.0,1682594273.0181308,591,156
16.0,2.0,1682594273.208278,590,156
16.0,2.0,1682594273.3984249,588,157
16.0,2.0,1682594273.588572,586,157
16.0,2.0,1682594273.7787192,585,155
16.0,2.0,1682594273.9688663,584,157
16.0,2.0,1682594274.1590135,583,156
16.0,2.0,1682594274.3491607,582,155
16.0,2.0,1682594274.5393078,580,156
16.0,2.0,1682594274.729455,579,155
16.0,2.0,1682594274.9196022,577,155
16.0,2.0,1682594275.1097493,575,155
16.0,2.0,1682594275.2998965,574,155
16.0,2.0,1682594275.4900436,573,155
16.0,2.0,1682594275.6801908,572,155
16.0,2.0,1682594275.870338,570,155
16.0,2.0,1682594276.0604851,568,154
16.0,2.0,1682594276.250632,567,154
16.0,2.0,1682594276.4407792,565,154
16.0,2.0,1682594276.6309264,563,154
16.0,2.0,1682594276.8210735,562,155
16.0,2.0,1682594277.0112207,560,154
16.0,2.0,1682594277.2013679,558,153
16.0,2.0,1682594277.391515,557,153
16.0,2.0,1682594277.5816622,555,153
16.0,2.0,1682594277.7718093,554,154
16.0,2.0,1682594277.9619565,552,154
16.0,2.0,1682594278.1521037,551,153
16.0,2.0,1682594278.3422508,548,153
16.0,2.0,1682594278.532398,546,153
16.0,2.0,1682594278.7225451,545,153
16.0,2.0,1682594278.912692,543,152
16.0,2.0,1682594279.1028392,541,153
16.0,2.0,1682594279.2929864,540,153
16.0,2.0,1682594279.4831336,537,151
16.0,2.0,1682594279.6732807,535,152
16.0,2.0,1682594279.8634279,535,150
16.0,2.0,1682594280.053575,532,151
16.0,2.0,1682594280.2437222,530,151
16.0,2.0,1682594280.4338694,528,151
16.0,2.0,1682594280.6240165,526,151
16.0,2.0,1682594280.8141637,525,151
16.0,2.0,1682594281.0043108,522,151
16.0,2.0,1682594281.194458,520,152
16.0,2.0,1682594281.3846052,519,151
16.0,2.0,1682594281.574752,517,151
16.0,2.0,1682594281.7648993,515,151
16.0,2.0,1682594281.9550464,513,150
16.0,2.0,1682594282.1451936,511,151
16.0,2.0,1682594282.3353407,508,151
16.0,2.0,1682594282.525488,507,151
16.0,2.0,1682594282.715635,505,150
16.0,2.0,1682594282.9057822,503,150
16.0,2.0,1682594283.0959294,500,150
16.0,2.0,1682594283.2860765,498,150
16.0,2.0,1682594283.4762237,496,150
16.0,2.0,1682594283.6663709,495,150
16.0,2.0,1682594283.856518,492,151
16.0,2.0,1682594284.0466652,490,149
16.0,2.0,1682594284.236812,488,149
16.0,2.0,1682594284.4269593,486,149
16.0,2.0,1682594284.6171064,485,149
16.0,2.0,1682594284.8072536,483,149
16.0,2.0,1682594284.9974008,482,150
16.0,2.0,1682594285.187548,475,148
16.0,2.0,1682594285.377695,466,148
17.0,2.0,1682594288.8441362,1210,598
17.0,2.0,1682594288.9832463,1203,592
17.0,2.0,1682594289.1223564,1197,587
17.0,2.0,1682594289.2614665,1189,580
17.0,2.0,1682594289.4005768,1182,575
17.0,2.0,1682594289.539687,1177,568
17.0,2.0,1682594289.678797,1167,563
17.0,2.0,1682594289.817907,1166,554
17.0,2.0,1682594289.9570172,1159,541
17.0,2.0,1682594290.0961273,1153,530
17.0,2.0,1682594290.2352376,1147,518
17.0,2.0,1682594290.3743477,1143,508
17.0,2.0,1682594290.5134578,1136,496
17.0,2.0,1682594290.6525679,1132,487
17.0,2.0,1682594290.791678,1126,479
17.0,2.0,1682594290.930788,1121,472
17.0,2.0,1682594291.0698981,1116,571
17.0,2.0,1682594291.2090085,1109,565
17.0,2.0,1682594291.3481185,1099,556
17.0,2.0,1682594291.4872286,1090,548
17.0,2.0,1682594291.6263387,1082,536
17.0,2.0,1682594291.7654488,1074,523
17.0,2.0,1682594291.904559,1051,512
17.0,2.0,1682594292.0436692,1030,501
17.0,2.0,1682594292.1827793,1010,490
17.0,2.0,1682594292.3218894,990,481
17.0,2.0,1682594292.4609995,971,470
17.0,2.0,1682594292.6001096,953,461
17.0,2.0,1682594292.7392197,938,450
17.0,2.0,1682594292.8783298,921,443
17.0,2.0,1682594293.01744,906,433
17.0,2.0,1682594293.1565502,894,426
17.0,2.0,1682594293.2956603,881,417
17.0,2.0,1682594293.4347703,868,408
17.0,2.0,1682594293.5738804,856,404
17.0,2.0,1682594293.7129905,847,393
17.0,2.0,1682594293.8521008,837,388
17.0,2.0,1682594293.991211,828,383
17.0,2.0,1682594294.130321,820,378
17.0,2.0,1682594294.269431,815,371
17.0,2.0,1682594294.4085412,805,366
17.0,2.0,1682594294.5476513,800,360
17.0,2.0,1682594294.6867614,795,356
17.0,2.0,1682594294.8258717,788,351
17.0,2.0,1682594294.9649818,783,347
17.0,2.0,1682594295.104092,779,343
17.0,2.0,1682594295.243202,774,338
17.0,2.0,1682594295.382312,769,334
17.0,2.0,1682594295.5214221,767,329
17.0,2.0,1682594295.6605325,763,326
17.0,2.0,1682594295.7996426,760,321
17.0,2.0,1682594295.9387527,758,318
17.0,2.0,1682594296.0778627,755,313
17.0,2.0,1682594296.2169728,751,310
17.0,2.0,1682594296.356083,750,306
17.0,2.0,1682594296.495193,748,302
17.0,2.0,1682594296.6343033,747,297
17.0,2.0,1682594296.7734134,745,295
17.0,2.0,1682594296.9125235,744,292
17.0,2.0,1682594297.0516336,742,289
17.0,2.0,1682594297.1907437,740,285
17.0,2.0,1682594297.3298538,741,282
17.0,2.0,1682594297.468964,739,278
17.0,2.0,1682594297.6080742,736,276
17.0,2.0,1682594297.7471843,737,274
17.0,2.0,1682594297.8862944,734,270
17.0,2.0,1682594298.0254045,731,268
17.0,2.0,1682594298.1645145,730,264
17.0,2.0,1682594298.3036246,729,262
17.0,2.0,1682594298.442735,726,260
17.0,2.0,1682594298.581845,725,256
17.0,2.0,1682594298.7209551,725,253
17.0,2.0,1682594298.8600652,723,250
17.0,2.0,1682594298.9991753,722,248
17.0,2.0,1682594299.1382854,720,247
17.0,2.0,1682594299.2773957,718,244
17.0,2.0,1682594299.4165058,715,242
17.0,2.0,1682594299.555616,715,240
17.0,2.0,1682594299.694726,714,238
17.0,2.0,1682594299.833836,711,235
17.0,2.0,1682594299.9729462,710,232
17.0,2.0,1682594300.1120563,709,231
17.0,2.0,1682594300.2511666,706,229
17.0,2.0,1682594300.3902767,705,227
17.0,2.0,1682594300.5293868,704,224
17.0,2.0,1682594300.6684968,702,224
17.0,2.0,1682594300.807607,698,220
17.0,2.0,1682594300.946717,697,218
17.0,2.0,1682594301.0858274,696,217
17.0,2.0,1682594301.2249374,694,215
17.0,2.0,1682594301.3640475,692,215
17.0,2.0,1682594301.5031576,691,212
17.0,2.0,1682594301.6422677,688,210
17.0,2.0,1682594301.7813778,686,209
17.0,2.0,1682594301.9204879,685,210
17.0,2.0,1682594302.0595982,683,208
17.0,2.0,1682594302.1987083,681,203
17.0,2.0,1682594302.3378184,679,203
17.0,2.0,1682594302.4769285,678,201
17.0,2.0,1682594302.6160386,675,199
17.0,2.0,1682594302.7551486,674,198
17.0,2.0,1682594302.894259,673,197
17.0,2.0,1682594303.033369,672,195
17.0,2.0,1682594303.1724792,669,194
17.0,2.0,1682594303.3115892,667,193
17.0,2.0,1682594303.4506993,665,193
17.0,2.0,1682594303.5898094,662,190
17.0,2.0,1682594303.7289197,661,190
17.0,2.0,1682594303.8680298,659,189
17.0,2.0,1682594304.00714,656,187
17.0,2.0,1682594304.14625,654,186
17.0,2.0,1682594304.28536,652,186
17.0,2.0,1682594304.4244702,650,185
17.0,2.0,1682594304.5635803,648,183
17.0,2.0,1682594304.7026906,645,183
17.0,2.0,1682594304.8418007,643,182
17.0,2.0,1682594304.9809108,641,181
17.0,2.0,1682594305.1200209,640,180
17.0,2.0,1682594305.259131,637,179
17.0,2.0,1682594305.398241,635,178
17.0,2.0,1682594305.5373514,634,176
17.0,2.0,1682594305.6764615,631,176
17.0,2.0,1682594305.8155715,629,175
17.0,2.0,1682594305.9546816,627,174
17.0,2.0,1682594306.0937917,625,174
17.0,2.0,1682594306.2329018,621,171
17.0,2.0,1682594306.372012,620,171
17.0,2.0,1682594306.5111222,619,170
17.0,2.0,1682594306.6502323,617,171
17.0,2.0,1682594306.7893424,614,170
17.0,2.0,1682594306.9284525,613,168
17.0,2.0,1682594307.0675626,611,168
17.0,2.0,1682594307.2066727,609,167
17.0,2.0,1682594307.345783,607,167
17.0,2.0,1682594307.484893,606,166
17.0,2.0,1682594307.6240032,604,165
17.0,2.0,1682594307.7631133,601,164
17.0,2.0,1682594307.9022233,599,164
17.0,2.0,1682594308.0413334,596,163
17.0,2.0,1682594308.1804435,594,162
17.0,2.0,1682594308.3195539,594,162
17.0,2.0,1682594308.458664,591,162
17.0,2.0,1682594308.597774,590,161
17.0,2.0,1682594308.736884,588,160
17.0,2.0,1682594308.8759942,587,160
17.0,2.0,1682594309.0151043,584,160
17.0,2.0,1682594309.1542146,581,159
17.0,2.0,1682594309.2933247,581,159
17.0,2.0,1682594309.4324348,579,159
17.0,2.0,1682594309.571545,576,158
17.0,2.0,1682594309.710655,575,158
17.0,2.0,1682594309.849765,573,158
17.0,2.0,1682594309.9888752,572,158
17.0,2.0,1682594310.1279855,570,157
17.0,2.0,1682594310.2670956,567,158
17.0,2.0,1682594310.4062057,564,158
17.0,2.0,1682594310.5453157,562,157
17.0,2.0,1682594310.6844258,561,157
17.0,2.0,1682594310.823536,560,156
17.0,2.0,1682594310.9626462,558,156
17.0,2.0,1682594311.1017563,556,155
17.0,2.0,1682594311.2408664,554,155
17.0,2.0,1682594311.3799765,551,154
17.0,2.0,1682594311.5190866,550,154
17.0,2.0,1682594311.6581967,548,154
17.0,2.0,1682594311.7973068,546,154
17.0,2.0,1682594311.936417,545,153
17.0,2.0,1682594312.0755272,541,153
17.0,2.0,1682594312.2146373,538,153
17.0,2.0,1682594312.3537474,536,153
17.0,2.0,1682594312.4928575,535,153
17.0,2.0,1682594312.6319675,531,152
17.0,2.0,1682594312.7710779,530,152
17.0,2.0,1682594312.910188,527,153
17.0,2.0,1682594313.049298,522,153
17.0,2.0,1682594313.1884081,521,152
17.0,2.0,1682594313.3275182,520,151
17.0,2.0,1682594313.4666283,515,150
17.0,2.0,1682594313.6057384,513,150
17.0,2.0,1682594313.7448487,512,151
17.0,2.0,1682594313.8839588,499,149
17.0,2.0,1682594314.023069,493,149
17.0,2.0,1682594314.162179,493,149
17.0,2.0,1682594314.301289,490,150
17.0,2.0,1682594314.4403992,486,149
17.0,2.0,1682594314.5795095,487,148
17.0,2.0,1682594314.7186196,483,148
17.0,2.0,1682594314.8577297,476,149
19.0,2.0,1682594291.372659,832,281
19.0,2.0,1682594291.508458,827,279
19.0,2.0,1682594291.6442568,821,274
19.0,2.0,1682594291.7800555,817,271
19.0,2.0,1682594291.9158545,811,268
19.0,2.0,1682594292.0516534,807,263
19.0,2.0,1682594292.1874523,803,262
19.0,2.0,1682594292.3232512,798,258
19.0,2.0,1682594292.4590502,792,256
19.0,2.0,1682594292.5948489,789,251
19.0,2.0,1682594292.7306478,785,249
19.0,2.0,1682594292.8664467,781,247
19.0,2.0,1682594293.0022457,778,245
19.0,2.0,1682594293.1380446,774,242
19.0,2.0,1682594293.2738435,769,241
19.0,2.0,1682594293.4096422,766,238
19.0,2.0,1682594293.5454412,763,237
19.0,2.0,1682594293.68124,759,234
19.0,2.0,1682594293.817039,754,232
19.0,2.0,1682594293.952838,753,230
19.0,2.0,1682594294.0886369,750,227
19.0,2.0,1682594294.2244356,744,225
19.0,2.0,1682594294.3602345,742,221
19.0,2.0,1682594294.4960334,739,219
19.0,2.0,1682594294.6318324,736,216
19.0,2.0,1682594294.7676313,734,216
19.0,2.0,1682594294.9034302,731,215
19.0,2.0,1682594295.039229,726,213
19.0,2.0,1682594295.1750278,725,210
19.0,2.0,1682594295.3108268,723,209
19.0,2.0,1682594295.4466257,720,207
19.0,2.0,1682594295.5824246,717,206
19.0,2.0,1682594295.7182233,715,205
19.0,2.0,1682594295.8540223,713,203
19.0,2.0,1682594295.9898212,708,201
19.0,2.0,1682594296.1256201,708,200
19.0,2.0,1682594296.261419,706,197
19.0,2.0,1682594296.397218,703,195
19.0,2.0,1682594296.5330167,701,195
19.0,2.0,1682594296.6688156,700,194
19.0,2.0,1682594296.8046145,695,192
19.0,2.0,1682594296.9404135,693,191
19.0,2.0,1682594297.0762124,692,189
19.0,2.0,1682594297.2120113,689,188
19.0,2.0,1682594297.34781,687,187
19.0,2.0,1682594297.483609,684,186
19.0,2.0,1682594297.619408,682,185
19.0,2.0,1682594297.7552068,679,184
19.0,2.0,1682594297.8910058,678,183
19.0,2.0,1682594298.0268047,676,181
19.0,2.0,1682594298.1626034,671,180
19.0,2.0,1682594298.2984023,671,179
19.0,2.0,1682594298.4342012,669,178
19.0,2.0,1682594298.5700002,666,177
19.0,2.0,1682594298.705799,665,176
19.0,2.0,1682594298.8415978,662,176
19.0,2.0,1682594298.9773967,660,175
19.0,2.0,1682594299.1131957,657,173
19.0,2.0,1682594299.2489946,654,173
19.0,2.0,1682594299.3847935,653,172
19.0,2.0,1682594299.5205925,650,172
19.0,2.0,1682594299.6563911,648,171
19.0,2.0,1682594299.79219,646,171
19.0,2.0,1682594299.927989,643,170
19.0,2.0,1682594300.063788,640,169
19.0,2.0,1682594300.1995869,638,169
19.0,2.0,1682594300.3353858,636,167
19.0,2.0,1682594300.4711845,635,167
19.0,2.0,1682594300.6069834,633,167
19.0,2.0,1682594300.7427824,632,166
19.0,2.0,1682594300.8785813,629,166
19.0,2.0,1682594301.0143802,627,165
19.0,2.0,1682594301.1501791,625,164
19.0,2.0,1682594301.2859778,622,164
19.0,2.0,1682594301.4217768,620,163
19.0,2.0,1682594301.5575757,618,164
19.0,2.0,1682594301.6933746,616,163
19.0,2.0,1682594301.8291736,613,162
19.0,2.0,1682594301.9649725,613,161
19.0,2.0,1682594302.1007712,610,161
19.0,2.0,1682594302.2365701,607,160
19.0,2.0,1682594302.372369,606,160
19.0,2.0,1682594302.508168,605,159
19.0,2.0,1682594302.643967,601,158
19.0,2.0,1682594302.7797656,599,158
19.0,2.0,1682594302.9155645,598,158
19.0,2.0,1682594303.0513635,596,158
19.0,2.0,1682594303.1871624,595,158
19.0,2.0,1682594303.3229613,593,158
19.0,2.0,1682594303.4587603,593,158
19.0,2.0,1682594303.594559,589,157
19.0,2.0,1682594303.730358,589,157
19.0,2.0,1682594303.8661568,586,158
19.0,2.0,1682594304.0019557,584,157
19.0,2.0,1682594304.1377547,582,155
19.0,2.0,1682594304.2735536,581,155
19.0,2.0,1682594304.4093523,577,154
19.0,2.0,1682594304.5451512,575,154
19.0,2.0,1682594304.6809502,573,154
19.0,2.0,1682594304.816749,571,154
19.0,2.0,1682594304.952548,569,155
19.0,2.0,1682594305.088347,568,154
19.0,2.0,1682594305.2241457,566,154
19.0,2.0,1682594305.3599446,562,153
19.0,2.0,1682594305.4957435,561,153
19.0,2.0,1682594305.6315424,559,153
19.0,2.0,1682594305.7673414,557,153
19.0,2.0,1682594305.90314,555,153
19.0,2.0,1682594306.038939,552,153
19.0,2.0,1682594306.174738,550,153
19.0,2.0,1682594306.3105369,548,153
19.0,2.0,1682594306.4463358,546,153
19.0,2.0,1682594306.5821347,543,153
19.0,2.0,1682594306.7179334,540,152
19.0,2.0,1682594306.8537323,538,151
19.0,2.0,1682594306.9895313,536,151
19.0,2.0,1682594307.1253302,536,151
19.0,2.0,1682594307.2611291,529,150
19.0,2.0,1682594307.396928,527,151
19.0,2.0,1682594307.5327268,524,151
19.0,2.0,1682594307.6685257,522,150
19.0,2.0,1682594307.8043246,518,150
19.0,2.0,1682594307.9401236,516,150
19.0,2.0,1682594308.0759225,514,150
19.0,2.0,1682594308.2117214,510,151
19.0,2.0,1682594308.34752,509,150
19.0,2.0,1682594308.483319,507,150
19.0,2.0,1682594308.619118,500,149
19.0,2.0,1682594308.754917,498,150
19.0,2.0,1682594308.8907158,494,149
19.0,2.0,1682594309.0265148,491,149
19.0,2.0,1682594309.1623135,490,149
19.0,2.0,1682594309.2981124,486,148
21.0,2.0,1682594343.3607984,414,150
21.0,2.0,1682594343.5031872,428,150
21.0,2.0,1682594343.645576,430,150
21.0,2.0,1682594343.7879646,434,151
21.0,2.0,1682594343.9303534,460,152
21.0,2.0,1682594344.0727422,463,152
21.0,2.0,1682594344.215131,464,153
21.0,2.0,1682594344.3575199,467,153
21.0,2.0,1682594344.4999084,469,153
21.0,2.0,1682594344.6422973,472,152
21.0,2.0,1682594344.784686,475,153
21.0,2.0,1682594344.927075,476,153
21.0,2.0,1682594345.0694637,480,154
21.0,2.0,1682594345.2118526,481,154
21.0,2.0,1682594345.3542411,483,154
21.0,2.0,1682594345.49663,484,154
21.0,2.0,1682594345.6390188,487,154
21.0,2.0,1682594345.7814076,488,154
21.0,2.0,1682594345.9237964,490,154
21.0,2.0,1682594346.066185,491,155
21.0,2.0,1682594346.2085738,493,155
21.0,2.0,1682594346.3509626,495,155
21.0,2.0,1682594346.4933515,496,155
21.0,2.0,1682594346.6357403,497,156
21.0,2.0,1682594346.7781289,498,156
21.0,2.0,1682594346.9205177,498,157
21.0,2.0,1682594347.0629065,499,157
21.0,2.0,1682594347.2052953,500,157
21.0,2.0,1682594347.3476841,501,157
21.0,2.0,1682594347.4900727,502,158
21.0,2.0,1682594347.6324615,503,159
21.0,2.0,1682594347.7748504,503,159
21.0,2.0,1682594347.9172392,504,159
21.0,2.0,1682594348.059628,504,159
21.0,2.0,1682594348.2020166,505,159
21.0,2.0,1682594348.3444054,506,159
21.0,2.0,1682594348.4867942,505,160
21.0,2.0,1682594348.629183,505,161
21.0,2.0,1682594348.7715719,505,161
21.0,2.0,1682594348.9139607,505,161
21.0,2.0,1682594349.0563493,506,161
21.0,2.0,1682594349.198738,506,161
21.0,2.0,1682594349.341127,506,163
21.0,2.0,1682594349.4835157,505,163
21.0,2.0,1682594349.6259046,506,163
21.0,2.0,1682594349.7682931,506,163
21.0,2.0,1682594349.910682,507,163
21.0,2.0,1682594350.0530708,507,164
21.0,2.0,1682594350.1954596,507,165
21.0,2.0,1682594350.3378484,506,165
21.0,2.0,1682594350.480237,506,166
21.0,2.0,1682594350.6226258,507,166
21.0,2.0,1682594350.7650146,507,166
21.0,2.0,1682594350.9074035,507,168
21.0,2.0,1682594351.0497923,507,168
21.0,2.0,1682594351.1921809,506,170
21.0,2.0,1682594351.3345697,506,171
21.0,2.0,1682594351.4769585,507,171
21.0,2.0,1682594351.6193473,507,172
21.0,2.0,1682594351.7617362,507,173
21.0,2.0,1682594351.9041247,507,173
21.0,2.0,1682594352.0465136,506,175
21.0,2.0,1682594352.1889024,506,177
21.0,2.0,1682594352.3312912,507,177
21.0,2.0,1682594352.47368,507,178
21.0,2.0,1682594352.6160688,508,180
21.0,2.0,1682594352.7584574,507,181
21.0,2.0,1682594352.9008462,507,183
21.0,2.0,1682594353.043235,507,182
21.0,2.0,1682594353.185624,508,183
21.0,2.0,1682594353.3280127,508,183
21.0,2.0,1682594353.4704013,509,186
21.0,2.0,1682594353.61279,509,188
21.0,2.0,1682594353.755179,509,190
21.0,2.0,1682594353.8975677,509,190
21.0,2.0,1682594354.0399566,511,191
21.0,2.0,1682594354.1823452,510,193
21.0,2.0,1682594354.324734,510,195
21.0,2.0,1682594354.4671228,511,196
21.0,2.0,1682594354.6095116,511,197
21.0,2.0,1682594354.7519004,511,199
21.0,2.0,1682594354.894289,513,200
21.0,2.0,1682594355.0366778,512,202
21.0,2.0,1682594355.1790667,514,204
21.0,2.0,1682594355.3214555,516,205
21.0,2.0,1682594355.4638443,516,207
21.0,2.0,1682594355.606233,516,210
21.0,2.0,1682594355.7486217,518,210
21.0,2.0,1682594355.8910105,518,211
21.0,2.0,1682594356.0333993,519,214
21.0,2.0,1682594356.1757882,520,214
21.0,2.0,1682594356.318177,522,215
21.0,2.0,1682594356.4605656,525,218
21.0,2.0,1682594356.6029544,525,219
21.0,2.0,1682594356.7453432,527,222
21.0,2.0,1682594356.887732,529,226
21.0,2.0,1682594357.0301208,531,227
21.0,2.0,1682594357.1725094,533,230
21.0,2.0,1682594357.3148983,535,232
21.0,2.0,1682594357.457287,535,235
21.0,2.0,1682594357.599676,539,237
21.0,2.0,1682594357.7420647,540,242
21.0,2.0,1682594357.8844533,543,244
21.0,2.0,1682594358.026842,544,247
21.0,2.0,1682594358.169231,548,250
21.0,2.0,1682594358.3116198,552,252
21.0,2.0,1682594358.4540086,554,254
21.0,2.0,1682594358.5963972,557,260
21.0,2.0,1682594358.738786,559,262
21.0,2.0,1682594358.8811748,560,265
21.0,2.0,1682594359.0235636,564,268
21.0,2.0,1682594359.1659524,569,266
21.0,2.0,1682594359.308341,572,275
21.0,2.0,1682594359.4507298,575,277
21.0,2.0,1682594359.5931187,578,286
21.0,2.0,1682594359.7355075,580,289
21.0,2.0,1682594359.8778963,584,292
21.0,2.0,1682594360.0202851,590,294
21.0,2.0,1682594360.1626737,593,300
21.0,2.0,1682594360.3050625,596,306
21.0,2.0,1682594360.4474514,601,310
21.0,2.0,1682594360.5898402,604,316
21.0,2.0,1682594360.732229,608,317
21.0,2.0,1682594360.8746176,613,323
21.0,2.0,1682594361.0170064,616,330
21.0,2.0,1682594361.1593952,619,334
21.0,2.0,1682594361.301784,622,340
21.0,2.0,1682594361.4441729,629,347
21.0,2.0,1682594361.5865614,633,352
21.0,2.0,1682594361.7289503,636,360
21.0,2.0,1682594361.871339,642,366
21.0,2.0,1682594362.013728,646,370
21.0,2.0,1682594362.1561167,648,377
21.0,2.0,1682594362.2985053,653,383
21.0,2.0,1682594362.4408941,659,387
21.0,2.0,1682594362.583283,662,395
21.0,2.0,1682594362.7256718,669,396
21.0,2.0,1682594362.8680606,673,404
21.0,2.0,1682594363.0104492,677,415
21.0,2.0,1682594363.152838,683,422
21.0,2.0,1682594363.2952268,690,437
21.0,2.0,1682594363.4376156,695,444
21.0,2.0,1682594363.5800045,700,454
21.0,2.0,1682594363.7223933,704,470
21.0,2.0,1682594363.8647819,711,472
21.0,2.0,1682594364.0071707,717,478
21.0,2.0,1682594364.1495595,723,493
21.0,2.0,1682594364.2919483,729,504
21.0,2.0,1682594364.4343371,737,515
21.0,2.0,1682594364.5767257,743,528
21.0,2.0,1682594364.7191145,749,545
21.0,2.0,1682594364.8615034,758,552
21.0,2.0,1682594365.0038922,765,556
21.0,2.0,1682594365.146281,771,560
21.0,2.0,1682594365.2886696,775,564
21.0,2.0,1682594365.4310584,785,568
21.0,2.0,1682594365.5734472,794,573
21.0,2.0,1682594365.715836,800,578
21.0,2.0,1682594365.8582249,809,583
21.0,2.0,1682594366.0006135,819,587
21.0,2.0,1682594366.1430023,826,593
21.0,2.0,1682594366.285391,831,596
21.0,2.0,1682594366.42778,837,599
21.0,2.0,1682594366.5701687,843,604
21.0,2.0,1682594366.7125573,849,609
21.0,2.0,1682594366.8549461,853,612
21.0,2.0,1682594366.997335,861,618
21.0,2.0,1682594367.1397238,861,621
21.0,2.0,1682594367.2821126,843,626
21.0,2.0,1682594367.4245014,845,632
21.0,2.0,1682594367.56689,846,636
21.0,2.0,1682594367.7092788,849,639
21.0,2.0,1682594367.8516676,848,644
21.0,2.0,1682594367.9940565,849,649
21.0,2.0,1682594368.1364453,848,655
21.0,2.0,1682594368.2788339,848,661
21.0,2.0,1682594368.4212227,857,664
22.0,3.0,1682594378.8661113,1236,544
22.0,3.0,1682594379.179766,1229,532
22.0,3.0,1682594379.4934206,1222,517
22.0,3.0,1682594379.8070753,1211,517
22.0,3.0,1682594380.12073,1204,502
22.0,3.0,1682594380.4343846,1194,496
22.0,3.0,1682594380.7480392,1184,489
22.0,3.0,1682594381.061694,1179,479
22.0,3.0,1682594381.3753486,1169,471
22.0,3.0,1682594381.6890032,1163,464
22.0,3.0,1682594382.002658,1157,458
22.0,3.0,1682594382.3163126,1121,430
22.0,3.0,1682594382.629967,1113,427
22.0,3.0,1682594382.9436216,1102,416
22.0,3.0,1682594383.2572763,1097,412
22.0,3.0,1682594383.570931,1088,407
22.0,3.0,1682594383.8845856,1077,398
22.0,3.0,1682594384.1982403,1069,389
22.0,3.0,1682594384.511895,1038,372
22.0,3.0,1682594384.8255496,1034,369
22.0,3.0,1682594385.1392043,1032,370
22.0,3.0,1682594385.452859,984,334
22.0,3.0,1682594385.7665136,924,292
23.0,0.0,1682594379.007574,1229,464
23.0,0.0,1682594379.1429594,1222,450
23.0,0.0,1682594379.2783446,1213,443
23.0,0.0,1682594379.41373,1204,435
23.0,0.0,1682594379.5491152,1195,428
23.0,0.0,1682594379.6845005,1184,421
23.0,0.0,1682594379.8198857,1171,412
23.0,0.0,1682594379.955271,1165,409
23.0,0.0,1682594380.090656,1157,403
23.0,0.0,1682594380.2260413,1150,399
23.0,0.0,1682594380.3614266,1139,394
23.0,0.0,1682594380.4968119,1131,385
23.0,0.0,1682594380.6321971,1122,383
23.0,0.0,1682594380.7675824,1115,379
23.0,0.0,1682594380.9029677,1107,373
23.0,0.0,1682594381.038353,1100,364
23.0,0.0,1682594381.1737382,1093,360
23.0,0.0,1682594381.3091235,1083,356
23.0,0.0,1682594381.4445088,1074,344
23.0,0.0,1682594381.579894,1067,344
23.0,0.0,1682594381.7152793,1061,339
23.0,0.0,1682594381.8506646,1054,337
23.0,0.0,1682594381.98605,1047,329
23.0,0.0,1682594382.121435,1039,327
23.0,0.0,1682594382.2568202,1034,322
23.0,0.0,1682594382.3922055,1026,322
23.0,0.0,1682594382.5275908,1021,321
23.0,0.0,1682594382.662976,1017,316
23.0,0.0,1682594382.7983613,1012,315
23.0,0.0,1682594382.9337466,1007,309
23.0,0.0,1682594383.0691319,999,304
23.0,0.0,1682594383.2045171,996,303
23.0,0.0,1682594383.3399024,991,299
23.0,0.0,1682594383.4752877,987,299
23.0,0.0,1682594383.610673,982,296
23.0,0.0,1682594383.7460582,982,296
23.0,0.0,1682594383.8814435,973,291
23.0,0.0,1682594384.0168288,967,288
23.0,0.0,1682594384.1522138,963,285
23.0,0.0,1682594384.287599,961,284
23.0,0.0,1682594384.4229844,955,285
23.0,0.0,1682594384.5583696,949,284
23.0,0.0,1682594384.693755,946,283
23.0,0.0,1682594384.8291402,943,282
23.0,0.0,1682594384.9645255,941,281
23.0,0.0,1682594385.0999107,937,272
23.0,0.0,1682594385.235296,934,269
23.0,0.0,1682594385.3706813,931,273
23.0,0.0,1682594385.5060666,928,271
23.0,0.0,1682594385.6414518,927,270
23.0,0.0,1682594385.776837,925,267
23.0,0.0,1682594385.9122224,921,262
23.0,0.0,1682594386.0476077,919,265
23.0,0.0,1682594386.182993,915,260
23.0,0.0,1682594386.318378,913,259
23.0,0.0,1682594386.4537632,912,254
23.0,0.0,1682594386.5891485,910,254
23.0,0.0,1682594386.7245338,910,252
23.0,0.0,1682594386.859919,908,251
23.0,0.0,1682594386.9953043,905,251
23.0,0.0,1682594387.1306896,904,254
23.0,0.0,1682594387.266075,902,249
23.0,0.0,1682594387.4014602,901,254
23.0,0.0,1682594387.5368454,899,255
23.0,0.0,1682594387.6722307,897,254
23.0,0.0,1682594387.807616,895,248
23.0,0.0,1682594387.9430013,894,241
23.0,0.0,1682594388.0783865,893,245
23.0,0.0,1682594388.2137718,892,247
23.0,0.0,1682594388.3491569,890,250
23.0,0.0,1682594388.4845421,889,250
23.0,0.0,1682594388.6199274,888,249
23.0,0.0,1682594388.7553127,885,247
23.0,0.0,1682594388.890698,883,246
23.0,0.0,1682594389.0260832,881,244
23.0,0.0,1682594389.1614685,882,244
23.0,0.0,1682594389.2968538,879,244
23.0,0.0,1682594389.432239,877,245
23.0,0.0,1682594389.5676243,874,245
23.0,0.0,1682594389.7030096,875,243
23.0,0.0,1682594389.8383949,874,244
23.0,0.0,1682594389.9737802,873,244
23.0,0.0,1682594390.1091654,871,244
23.0,0.0,1682594390.2445507,870,244
23.0,0.0,1682594390.3799357,871,243
23.0,0.0,1682594390.515321,870,243
23.0,0.0,1682594390.6507063,869,242
23.0,0.0,1682594390.7860916,870,242
23.0,0.0,1682594390.9214768,869,243
23.0,0.0,1682594391.056862,868,243
23.0,0.0,1682594391.1922474,868,243
23.0,0.0,1682594391.3276327,869,242
23.0,0.0,1682594391.463018,869,243
23.0,0.0,1682594391.5984032,868,242
23.0,0.0,1682594391.7337885,868,243
23.0,0.0,1682594391.8691738,868,243
23.0,0.0,1682594392.004559,868,244
23.0,0.0,1682594392.1399443,868,243
23.0,0.0,1682594392.2753296,869,243
23.0,0.0,1682594392.4107146,869,243
23.0,0.0,1682594392.5461,869,244
23.0,0.0,1682594392.6814852,869,244
23.0,0.0,1682594392.8168705,869,243
23.0,0.0,1682594392.9522557,869,243
23.0,0.0,1682594393.087641,869,244
23.0,0.0,1682594393.2230263,872,243
23.0,0.0,1682594393.3584116,869,244
23.0,0.0,1682594393.4937968,869,244
23.0,0.0,1682594393.629182,869,244
23.0,0.0,1682594393.7645674,869,243
23.0,0.0,1682594393.8999527,869,243
23.0,0.0,1682594394.035338,870,243
23.0,0.0,1682594394.1707232,869,244
23.0,0.0,1682594394.3061085,869,244
23.0,0.0,1682594394.4414935,871,243
23.0,0.0,1682594394.5768788,869,244
23.0,0.0,1682594394.712264,870,243
23.0,0.0,1682594394.8476493,874,244
23.0,0.0,1682594394.9830346,873,244
23.0,0.0,1682594395.11842,869,243
23.0,0.0,1682594395.2538052,874,244
23.0,0.0,1682594395.3891904,869,243
23.0,0.0,1682594395.5245757,869,243
23.0,0.0,1682594395.659961,873,244
23.0,0.0,1682594395.7953463,875,244
23.0,0.0,1682594395.9307315,869,244
23.0,0.0,1682594396.0661168,873,245
23.0,0.0,1682594396.201502,875,244
23.0,0.0,1682594396.3368874,875,244
23.0,0.0,1682594396.4722724,874,244
23.0,0.0,1682594396.6076577,875,245
23.0,0.0,1682594396.743043,874,245
23.0,0.0,1682594396.8784282,874,245
23.0,0.0,1682594397.0138135,874,244
23.0,0.0,1682594397.1491988,874,244
23.0,0.0,1682594397.284584,874,244
23.0,0.0,1682594397.4199693,869,245
23.0,0.0,1682594397.5553546,870,245
23.0,0.0,1682594397.6907399,869,245
23.0,0.0,1682594397.8261251,870,244
23.0,0.0,1682594397.9615104,870,244
23.0,0.0,1682594398.0968957,873,244
23.0,0.0,1682594398.232281,869,245
23.0,0.0,1682594398.3676662,870,245
23.0,0.0,1682594398.5030513,872,245
23.0,0.0,1682594398.6384366,872,244
23.0,0.0,1682594398.7738218,869,244
23.0,0.0,1682594398.909207,870,245
23.0,0.0,1682594399.0445924,869,245
23.0,0.0,1682594399.1799777,869,245
23.0,0.0,1682594399.315363,870,245
23.0,0.0,1682594399.4507482,870,244
23.0,0.0,1682594399.5861335,871,244
23.0,0.0,1682594399.7215188,870,244
23.0,0.0,1682594399.856904,869,244
23.0,0.0,1682594399.9922893,869,245
23.0,0.0,1682594400.1276746,870,245
23.0,0.0,1682594400.2630599,871,245
23.0,0.0,1682594400.3984451,870,244
23.0,0.0,1682594400.5338304,869,244
23.0,0.0,1682594400.6692154,869,245
23.0,0.0,1682594400.8046007,870,245
23.0,0.0,1682594400.939986,871,245
23.0,0.0,1682594401.0753713,870,245
23.0,0.0,1682594401.2107565,871,244
23.0,0.0,1682594401.3461418,870,244
23.0,0.0,1682594401.481527,870,245
23.0,0.0,1682594401.6169124,870,245
23.0,0.0,1682594401.7522976,871,245
23.0,0.0,1682594401.887683,871,245
23.0,0.0,1682594402.0230682,874,245
23.0,0.0,1682594402.1584535,871,245
23.0,0.0,1682594402.2938387,871,245
23.0,0.0,1682594402.429224,875,245
23.0,0.0,1682594402.5646093,875,244
23.0,0.0,1682594402.6999943,875,244
23.0,0.0,1682594402.8353796,876,244
23.0,0.0,1682594402.9707649,876,243
23.0,0.0,1682594403.1061502,876,243
23.0,0.0,1682594403.2415354,876,243
23.0,0.0,1682594403.3769207,876,243
23.0,0.0,1682594403.512306,875,243
23.0,0.0,1682594403.6476912,875,244
23.0,0.0,1682594403.7830765,876,243
23.0,0.0,1682594403.9184618,876,243
23.0,0.0,1682594404.053847,876,244
23.0,0.0,1682594404.1892323,875,242
23.0,0.0,1682594404.3246176,875,242
23.0,0.0,1682594404.460003,876,242
23.0,0.0,1682594404.5953882,876,242
23.0,0.0,1682594404.7307732,875,242
23.0,0.0,1682594404.8661585,877,242
23.0,0.0,1682594405.0015438,877,242
23.0,0.0,1682594405.136929,872,243
23.0,0.0,1682594405.2723143,871,244
23.0,0.0,1682594405.4076996,874,244
23.0,0.0,1682594405.5430849,872,243
27.0,0.0,1682594401.0922165,480,156
27.0,0.0,1682594401.2537444,481,156
27.0,0.0,1682594401.415272,483,155
27.0,0.0,1682594401.5767999,483,156
27.0,0.0,1682594401.7383277,485,157
27.0,0.0,1682594401.8998554,492,163
27.0,0.0,1682594402.0613832,493,162
27.0,0.0,1682594402.2229111,494,161
27.0,0.0,1682594402.3844388,494,161
28.0,0.0,1682594403.0826573,524,202
28.0,0.0,1682594403.2062674,526,206
28.0,0.0,1682594403.3298776,526,206
28.0,0.0,1682594403.4534876,526,204
28.0,0.0,1682594403.577098,527,207
28.0,0.0,1682594403.700708,528,212
28.0,0.0,1682594403.8243182,529,211
28.0,0.0,1682594403.9479282,531,218
28.0,0.0,1682594404.0715384,530,222
28.0,0.0,1682594404.1951485,530,226
28.0,0.0,1682594404.3187587,533,227
28.0,0.0,1682594404.4423687,536,234
28.0,0.0,1682594404.565979,537,229
28.0,0.0,1682594404.689589,539,234
28.0,0.0,1682594404.8131993,541,239
28.0,0.0,1682594404.9368093,542,243
28.0,0.0,1682594405.0604196,544,248
28.0,0.0,1682594405.1840296,545,247
28.0,0.0,1682594405.3076398,548,252
28.0,0.0,1682594405.4312499,551,254
28.0,0.0,1682594405.55486,553,262
29.0,3.0,1682594403.636694,527,233
29.0,3.0,1682594403.7864206,529,238
29.0,3.0,1682594403.9361472,530,236
29.0,3.0,1682594404.0858738,530,239
29.0,3.0,1682594404.2356005,532,256
29.0,3.0,1682594404.385327,535,257
29.0,3.0,1682594404.5350537,538,258
29.0,3.0,1682594404.6847804,538,266
29.0,3.0,1682594404.834507,540,267
